model,accuracy,auc,precision,recall,f1_score,mcc
xgboost,0.8887687923749632,0.6869610219699063,0.5945945945945946,0.009687362395420519,0.019064124783362217,0.06546989953789288
logistic_regression,0.6606563820379286,0.6758270787817211,0.18080418617460756,0.5781594011448701,0.2754641770691283,0.1637644221288715
random_forest,0.8887196619829026,0.6575932597896782,0.7142857142857143,0.004403346543372964,0.0087527352297593,0.05022307858270297
knn,0.8883266188464184,0.5900665537717087,0.4791666666666667,0.010127697049757816,0.019836136265631736,0.05676490361965975
naive_bayes,0.2671710720251548,0.5432256779267711,0.11942454704147354,0.8736239542051959,0.21012497352255877,0.05253806543312043
decision_tree,0.8110936425272673,0.5288648704431615,0.16165090283748926,0.16556583003082342,0.16358494670437243,0.05713007399800961
